<metadata>
  <idinfo>
    <citation>
      <citeinfo>
        <pubdate>2007-01-01</pubdate>
        <title>Church and Rood Alluvial River Channel Regime Data</title>
        <onlink/>
      </citeinfo>
    </citation>
    <descript>
      <abstract>Data compiled from various sources on 284 streams and rivers: river morphology, river process, discharge, hydraulic geometry and grain size.</abstract>
      <purpose>Data related to study of Earth Surface Dynamics</purpose>
    </descript>
    <timeperd>
      <timeinfo/>
      <current>ground condition</current>
    </timeperd>
    <status>
      <progress>Complete</progress>
      <update>As needed</update>
    </status>
    <spdom>
      <bounding>
        <westbc>-180.0</westbc>
        <eastbc>180.0</eastbc>
        <northbc>90.0</northbc>
        <southbc>-90.0</southbc>
      </bounding>
    </spdom>
    <keywords>
      <theme>
        <themekt>None</themekt>
        <themekey>Angelo Reserve</themekey>
        <themekey>Eel Watershed</themekey>
      </theme>
      <place>
        <placekt>None</placekt>
        <placekey>Angelo Reserve</placekey>
        <placekey>Eel Watershed</placekey>
        <placekey>North Fork Eel</placekey>
        <placekey>South Fork Eel</placekey>
      </place>
      <temporal>
        <tempkt>None</tempkt>
        <tempkey>Januray 2007</tempkey>
      </temporal>
    </keywords>
    <accconst>Public</accconst>
    <useconst>Permission from Owner only</useconst>
  </idinfo>
  <metainfo>
    <metd>01/01/2007</metd>
    <metc>
      <cntinfo>
        <cntperp>
          <cntper>Nguyen, Charles : http://vivo-vis-test.slis.indiana.edu/vivo/individual/n2510</cntper>
        </cntperp>
        <cntaddr>
          <addrtype>Mailing</addrtype>
          <city>Unknown</city>
          <state>Unknown</state>
          <postal>00000</postal>
        </cntaddr>
      </cntinfo>
    </metc>
    <metstdn>FGDC Standard for Digital Geospatial Metadata</metstdn>
    <metstdv>001-1998</metstdv>
  </metainfo>
</metadata>