<rdf:RDF
    xmlns:rdf="http://www.w3.org/1999/02/22-rdf-syntax-ns#"
    xmlns:foaf="http://xmlns.com/foaf/0.1/"
    xmlns:owl="http://www.w3.org/2002/07/owl#"
    xmlns:dc="http://purl.org/dc/elements/1.1/"
    xmlns:ore="http://www.openarchives.org/ore/terms/"
    xmlns:dcterms="http://purl.org/dc/terms/"
    xmlns:j.0="http://purl.org/spar/cito/" > 
  <rdf:Description rdf:about="http://nced.ncsa.illinois.edu/acr#dataset?uri=tag%3Acet.ncsa.uiuc.edu%2C2008%3A%2Fbean%2FDataset%2F4e7b75a1-edb2-41f3-8d06-59d33f7816f2">
    <ore:isAggregatedBy>http://nced.ncsa.illinois.edu/acr#collection?uri=tag%3Acet.ncsa.uiuc.edu%2C2008%3A%2Fbean%2FCollection%2Fd6d250ba-e54d-4ae0-937d-c23d5e8b5de8_Aggregation</ore:isAggregatedBy>
    <dcterms:identifier rdf:datatype="http://www.w3.org/2001/XMLSchema#string">tag:cet.ncsa.uiuc.edu,2008:/bean/Dataset/4e7b75a1-edb2-41f3-8d06-59d33f7816f2</dcterms:identifier>
    <dcterms:title rdf:datatype="http://www.w3.org/2001/XMLSchema#string">Church_and_Rood_dataset.xls</dcterms:title>
    <dcterms:format rdf:datatype="http://www.w3.org/2001/XMLSchema#string">application/vnd.ms-excel</dcterms:format>
  </rdf:Description>
  <rdf:Description rdf:about="http://nced.ncsa.illinois.edu/acr#collection?uri=tag%3Acet.ncsa.uiuc.edu%2C2008%3A%2Fbean%2FCollection%2Fd6d250ba-e54d-4ae0-937d-c23d5e8b5de8">
    <dcterms:modified rdf:datatype="http://www.w3.org/2001/XMLSchema#date">2013-12-30T15:10:52-0500</dcterms:modified>
    <ore:describes rdf:resource="http://nced.ncsa.illinois.edu/acr#collection?uri=tag%3Acet.ncsa.uiuc.edu%2C2008%3A%2Fbean%2FCollection%2Fd6d250ba-e54d-4ae0-937d-c23d5e8b5de8_Aggregation"/>
    <rdf:type rdf:resource="http://www.openarchives.org/ore/terms/ResourceMap"/>
    <dcterms:title rdf:datatype="http://www.w3.org/2001/XMLSchema#string">Church and Rood Alluvial River Channel Regime Data</dcterms:title>
    <j.0:isDocumentedBy rdf:datatype="http://www.w3.org/2001/XMLSchema#string">/tmp/stage/bag/d6d250ba-e54d-4ae0-937d-c23d5e8b5de8/d6d250ba-e54d-4ae0-937d-c23d5e8b5de8_fgdc.xml</j.0:isDocumentedBy>
    <dc:creator rdf:nodeID="A0"/>
  </rdf:Description>
  <rdf:Description rdf:about="http://nced.ncsa.illinois.edu/acr#dataset?uri=tag%3Acet.ncsa.uiuc.edu%2C2008%3A%2Fbean%2FDataset%2F683a6f91-ab5e-4749-96a7-e978c30a9f27">
    <ore:isAggregatedBy>http://nced.ncsa.illinois.edu/acr#collection?uri=tag%3Acet.ncsa.uiuc.edu%2C2008%3A%2Fbean%2FCollection%2Fd6d250ba-e54d-4ae0-937d-c23d5e8b5de8_Aggregation</ore:isAggregatedBy>
    <dcterms:identifier rdf:datatype="http://www.w3.org/2001/XMLSchema#string">tag:cet.ncsa.uiuc.edu,2008:/bean/Dataset/683a6f91-ab5e-4749-96a7-e978c30a9f27</dcterms:identifier>
    <dcterms:title rdf:datatype="http://www.w3.org/2001/XMLSchema#string">Church_and_Rood_Catalogue.pdf</dcterms:title>
    <dcterms:format rdf:datatype="http://www.w3.org/2001/XMLSchema#string">application/pdf</dcterms:format>
  </rdf:Description>
  <rdf:Description rdf:about="http://nced.ncsa.illinois.edu/acr#collection?uri=tag%3Acet.ncsa.uiuc.edu%2C2008%3A%2Fbean%2FCollection%2Fd6d250ba-e54d-4ae0-937d-c23d5e8b5de8_Aggregation">
    <rdf:type rdf:resource="http://www.openarchives.org/ore/terms/Aggregation"/>
    <ore:isDescribedBy rdf:resource="http://nced.ncsa.illinois.edu/acr#collection?uri=tag%3Acet.ncsa.uiuc.edu%2C2008%3A%2Fbean%2FCollection%2Fd6d250ba-e54d-4ae0-937d-c23d5e8b5de8"/>
    <dc:creator rdf:nodeID="A0"/>
    <dc:title>Transit BagIt</dc:title>
    <ore:aggregates rdf:resource="http://nced.ncsa.illinois.edu/acr#dataset?uri=tag%3Acet.ncsa.uiuc.edu%2C2008%3A%2Fbean%2FDataset%2F683a6f91-ab5e-4749-96a7-e978c30a9f27"/>
    <ore:aggregates rdf:resource="http://nced.ncsa.illinois.edu/acr#dataset?uri=tag%3Acet.ncsa.uiuc.edu%2C2008%3A%2Fbean%2FDataset%2F4e7b75a1-edb2-41f3-8d06-59d33f7816f2"/>
  </rdf:Description>
  <rdf:Description rdf:nodeID="A0">
    <foaf:name rdf:datatype="http://www.w3.org/2001/XMLSchema#string">SEAD_VA BagItService</foaf:name>
    <rdf:type rdf:resource="http://purl.org/dc/terms/Agent"/>
  </rdf:Description>
</rdf:RDF>
